projectId,projectName,startDate,endDate,employeeId
101,Project A,2025-01-01,2025-03-31,1
102,Project B,2025-02-15,2025-04-30,2
103,Project C,2025-03-10,2025-05-15,3
104,Project D,2025-04-05,2025-06-20,4
105,Project E,2025-05-01,2025-07-10,5
106,Project F,2025-06-15,2025-08-25,6
107,Project G,2025-07-10,2025-09-15,7
108,Project H,2025-08-05,2025-10-10,8
109,Project I,2025-09-20,2025-11-05,9
110,Project J,2025-10-15,2025-12-20,10
101,Project A,2025-01-01,2025-03-31,3
102,Project B,2025-02-15,2025-04-30,4
103,Project C,2025-03-10,2025-05-15,5
107,Project G,2025-07-10,2025-09-15,6
108,Project H,2025-08-05,2025-10-10,7
101,Project A,2025-01-01,2025-03-31,3
102,Project B,2025-02-15,2025-04-30,4
103,Project C,2025-03-10,2025-05-15,5
107,Project G,2025-07-10,2025-09-15,6
108,Project H,2025-08-05,2025-10-10,7
111,Project K,2025-11-01,2025-12-15,11
112,Project L,2025-12-10,2026-02-28,12
113,Project M,2026-01-15,2026-03-31,13
101,Project A,2025-01-01,2025-03-31,9
102,Project B,2025-02-15,2025-04-30,10
103,Project C,2025-03-10,2025-05-15,11